mean,std
124.98812829469581,51.874434969789064
121.05672563302608,51.6574093899165
113.84174628131244,54.99717132823039
