mean,std
[124.98812829 121.05672563 113.84174628],[51.87443497 51.65740939 54.99717133]
